INSERT INTO Sign_Up (Email_Id, Password) VALUES ('johndoe@example.com', 'password123');
INSERT INTO Sign_Up (Email_Id, Password) VALUES ('janedoe@example.com', 'password456');
INSERT INTO Sign_Up (Email_Id, Password) VALUES ('bobsmith@example.com', 'password789');
INSERT INTO Sign_Up (Email_Id, Password) VALUES ('sarahjones@example.com', 'passwordabc');
INSERT INTO Sign_Up (Email_Id, Password) VALUES ('michaelbrown@example.com', 'passworddef');
INSERT INTO Sign_Up (Email_Id, Password) VALUES ('emilywilson@example.com', 'passwordghi');
INSERT INTO Sign_Up (Email_Id, Password) VALUES ('davidlee@example.com', 'passwordjkl');
INSERT INTO Sign_Up (Email_Id, Password) VALUES ('amandasmith@example.com', 'passwordmno');
INSERT INTO Sign_Up (Email_Id, Password) VALUES ('jamesbrown@example.com', 'passwordpqr');
INSERT INTO Sign_Up (Email_Id, Password) VALUES ('melissajones@example.com', 'passwordstu');
INSERT INTO Sign_Up (Email_Id, Password) VALUES ('robertwilson@example.com', 'passwordvwx');
INSERT INTO Sign_Up (Email_Id, Password) VALUES ('samanthalee@example.com', 'passwordyz1');
INSERT INTO Sign_Up (Email_Id, Password) VALUES ('peterjohnson@example.com', 'password234');
INSERT INTO Sign_Up (Email_Id, Password) VALUES ('christinadavis@example.com', 'password567');
INSERT INTO Sign_Up (Email_Id, Password) VALUES ('kevinsmith@example.com', 'password890');
INSERT INTO Sign_Up (Email_Id, Password) VALUES ('hannahbrown@example.com', 'passwordabc2');
INSERT INTO Sign_Up (Email_Id, Password) VALUES ('danielwilson@example.com', 'passworddef3');
INSERT INTO Sign_Up (Email_Id, Password) VALUES ('taylorjones@example.com', 'passwordghi4');
INSERT INTO Sign_Up (Email_Id, Password) VALUES ('christopherlee@example.com', 'passwordjkl5');
INSERT INTO Sign_Up (Email_Id, Password) VALUES ('jenniferbaker@example.com', 'passwordmno6');
INSERT INTO Sign_Up (Email_Id, Password) VALUES ('andrewsmith@example.com', 'passwordpqr7');
INSERT INTO Sign_Up (Email_Id, Password) VALUES ('laurenjohnson@example.com', 'passwordstu8');
INSERT INTO Sign_Up (Email_Id, Password) VALUES ('jacobdavis@example.com', 'passwordvwx9');
INSERT INTO Sign_Up (Email_Id, Password) VALUES ('sarahsmith@example.com', 'passwordyz10');
INSERT INTO Sign_Up (Email_Id, Password) VALUES ('ryanbrown@example.com', 'password23411');
INSERT INTO Sign_Up (Email_Id, Password) VALUES ('madisonwilson@example.com', 'password56712');
INSERT INTO Sign_Up (Email_Id, Password) VALUES ('ethanjones@example.com', 'password89013');
INSERT INTO Sign_Up (Email_Id, Password) VALUES ('olivialewis@example.com', 'passwordabc14');
INSERT INTO Sign_Up (Email_Id, Password) VALUES ('williamsanders@example.com', 'passworddef15');
INSERT INTO Sign_Up (Email_Id, Password) VALUES ('victoriaharris@example.com', 'passwordghi16');
INSERT INTO Sign_Up (Email_Id, Password) VALUES ('brandonmiller@example.com', 'passwordjkl17');

INSERT INTO Recurrence_Table (Recurrence_Type) VALUES ('Daily');
INSERT INTO Recurrence_Table (Recurrence_Type) VALUES ('Weekly');
INSERT INTO Recurrence_Table (Recurrence_Type) VALUES ('Monthly');
INSERT INTO Recurrence_Table (Recurrence_Type) VALUES ('Yearly');
INSERT INTO Recurrence_Table (Recurrence_Type) VALUES ('Bi-Weekly');
INSERT INTO Recurrence_Table (Recurrence_Type) VALUES ('Bi-Monthly');
INSERT INTO Recurrence_Table (Recurrence_Type) VALUES ('Semi-Annual');
INSERT INTO Recurrence_Table (Recurrence_Type) VALUES ('Quarterly');
INSERT INTO Recurrence_Table (Recurrence_Type) VALUES ('Every Other Day');
INSERT INTO Recurrence_Table (Recurrence_Type) VALUES ('Every Other Week');
INSERT INTO Recurrence_Table (Recurrence_Type) VALUES ('Every Other Month');
INSERT INTO Recurrence_Table (Recurrence_Type) VALUES ('Every Other Year');
INSERT INTO Recurrence_Table (Recurrence_Type) VALUES ('Annually');
INSERT INTO Recurrence_Table (Recurrence_Type) VALUES ('Bi-Annually');
INSERT INTO Recurrence_Table (Recurrence_Type) VALUES ('Every 3 Days');
INSERT INTO Recurrence_Table (Recurrence_Type) VALUES ('Every 4 Days');
INSERT INTO Recurrence_Table (Recurrence_Type) VALUES ('Every 5 Days');
INSERT INTO Recurrence_Table (Recurrence_Type) VALUES ('Every 7 Days');
INSERT INTO Recurrence_Table (Recurrence_Type) VALUES ('Every 14 Days');
INSERT INTO Recurrence_Table (Recurrence_Type) VALUES ('Every 30 Days');
INSERT INTO Recurrence_Table (Recurrence_Type) VALUES ('Every 60 Days');
INSERT INTO Recurrence_Table (Recurrence_Type) VALUES ('Every 90 Days');
INSERT INTO Recurrence_Table (Recurrence_Type) VALUES ('Every 120 Days');
INSERT INTO Recurrence_Table (Recurrence_Type) VALUES ('Every 180 Days');
INSERT INTO Recurrence_Table (Recurrence_Type) VALUES ('Every 365 Days');
INSERT INTO Recurrence_Table (Recurrence_Type) VALUES ('Weekly on Monday');
INSERT INTO Recurrence_Table (Recurrence_Type) VALUES ('Weekly on Tuesday');
INSERT INTO Recurrence_Table (Recurrence_Type) VALUES ('Weekly on Wednesday');
INSERT INTO Recurrence_Table (Recurrence_Type) VALUES ('Weekly on Thursday');
INSERT INTO Recurrence_Table (Recurrence_Type) VALUES ('Weekly on Friday');

INSERT INTO Slot_Details (From_Slot, To_Slot) VALUES ('08:00:00', '09:00:00');
INSERT INTO Slot_Details (From_Slot, To_Slot) VALUES ('09:00:00', '10:00:00');
INSERT INTO Slot_Details (From_Slot, To_Slot) VALUES ('10:00:00', '11:00:00');
INSERT INTO Slot_Details (From_Slot, To_Slot) VALUES ('11:00:00', '12:00:00');
INSERT INTO Slot_Details (From_Slot, To_Slot) VALUES ('12:00:00', '13:00:00');
INSERT INTO Slot_Details (From_Slot, To_Slot) VALUES ('13:00:00', '14:00:00');
INSERT INTO Slot_Details (From_Slot, To_Slot) VALUES ('14:00:00', '15:00:00');
INSERT INTO Slot_Details (From_Slot, To_Slot) VALUES ('15:00:00', '16:00:00');
INSERT INTO Slot_Details (From_Slot, To_Slot) VALUES ('16:00:00', '17:00:00');
INSERT INTO Slot_Details (From_Slot, To_Slot) VALUES ('17:00:00', '18:00:00');
INSERT INTO Slot_Details (From_Slot, To_Slot) VALUES ('18:00:00', '19:00:00');
INSERT INTO Slot_Details (From_Slot, To_Slot) VALUES ('19:00:00', '20:00:00');
INSERT INTO Slot_Details (From_Slot, To_Slot) VALUES ('20:00:00', '21:00:00');
INSERT INTO Slot_Details (From_Slot, To_Slot) VALUES ('21:00:00', '22:00:00');
INSERT INTO Slot_Details (From_Slot, To_Slot) VALUES ('22:00:00', '23:00:00');
INSERT INTO Slot_Details (From_Slot, To_Slot) VALUES ('23:00:00', '00:00:00');
INSERT INTO Slot_Details (From_Slot, To_Slot) VALUES ('00:00:00', '01:00:00');
INSERT INTO Slot_Details (From_Slot, To_Slot) VALUES ('01:00:00', '02:00:00');
INSERT INTO Slot_Details (From_Slot, To_Slot) VALUES ('02:00:00', '03:00:00');
INSERT INTO Slot_Details (From_Slot, To_Slot) VALUES ('03:00:00', '04:00:00');
INSERT INTO Slot_Details (From_Slot, To_Slot) VALUES ('04:00:00', '05:00:00');
INSERT INTO Slot_Details (From_Slot, To_Slot) VALUES ('05:00:00', '06:00:00');
INSERT INTO Slot_Details (From_Slot, To_Slot) VALUES ('06:00:00', '07:00:00');
INSERT INTO Slot_Details (From_Slot, To_Slot) VALUES ('07:00:00', '08:00:00');
INSERT INTO Slot_Details (From_Slot, To_Slot) VALUES ('08:30:00', '09:30:00');
INSERT INTO Slot_Details (From_Slot, To_Slot) VALUES ('09:30:00', '10:30:00');
INSERT INTO Slot_Details (From_Slot, To_Slot) VALUES ('18:00:00', '19:00:00');
INSERT INTO Slot_Details (From_Slot, To_Slot) VALUES ('19:00:00', '20:00:00');
INSERT INTO Slot_Details (From_Slot, To_Slot) VALUES ('20:00:00', '21:00:00');
INSERT INTO Slot_Details (From_Slot, To_Slot) VALUES ('11:00:00', '12:00:00');
INSERT INTO Slot_Details (From_Slot, To_Slot) VALUES ('12:00:00', '13:00:00');

INSERT INTO Create_Meeting(Number_persons, User_id, Recurrence_Id, Recurrence_value, date) VALUES (4, 1, 1, 'daily', '2023-03-10');
INSERT INTO Create_Meeting(Number_persons, User_id, Recurrence_Id, Recurrence_value, date) VALUES (5, 2, 1, 'weekly', '2023-03-12');
INSERT INTO Create_Meeting(Number_persons, User_id, Recurrence_Id, Recurrence_value, date) VALUES (2, 3, 2, 'monthly', '2023-03-14');
INSERT INTO Create_Meeting(Number_persons, User_id, Recurrence_Id, Recurrence_value, date) VALUES (3, 4, 3, 'daily', '2023-03-16');
INSERT INTO Create_Meeting(Number_persons, User_id, Recurrence_Id, Recurrence_value, date) VALUES (6, 5, 2, 'weekly', '2023-03-18');
INSERT INTO Create_Meeting(Number_persons, User_id, Recurrence_Id, Recurrence_value, date) VALUES (7, 6, 1, 'daily', '2023-03-20');
INSERT INTO Create_Meeting(Number_persons, User_id, Recurrence_Id, Recurrence_value, date) VALUES (3, 7, 3, 'monthly', '2023-03-22');
INSERT INTO Create_Meeting(Number_persons, User_id, Recurrence_Id, Recurrence_value, date) VALUES (2, 8, 2, 'weekly', '2023-03-24');
INSERT INTO Create_Meeting(Number_persons, User_id, Recurrence_Id, Recurrence_value, date) VALUES (4, 9, 1, 'daily', '2023-03-26');
INSERT INTO Create_Meeting(Number_persons, User_id, Recurrence_Id, Recurrence_value, date) VALUES (5, 10, 3, 'monthly', '2023-03-28');
INSERT INTO Create_Meeting(Number_persons, User_id, Recurrence_Id, Recurrence_value, date) VALUES (2, 11, 2, 'weekly', '2023-03-30');
INSERT INTO Create_Meeting(Number_persons, User_id, Recurrence_Id, Recurrence_value, date) VALUES (3, 12, 1, 'daily', '2023-04-01');
INSERT INTO Create_Meeting(Number_persons, User_id, Recurrence_Id, Recurrence_value, date) VALUES (6, 13, 3, 'monthly', '2023-04-03');
INSERT INTO Create_Meeting(Number_persons, User_id, Recurrence_Id, Recurrence_value, date) VALUES (7, 14, 2, 'weekly', '2023-04-05');
INSERT INTO Create_Meeting(Number_persons, User_id, Recurrence_Id, Recurrence_value, date) VALUES (3, 15, 1, 'daily', '2023-04-07');
INSERT INTO Create_Meeting(Number_persons, User_id, Recurrence_Id, Recurrence_value, date) VALUES (2, 16, 3, 'monthly', '2023-04-09');
INSERT INTO Create_Meeting(Number_persons, User_id, Recurrence_Id, Recurrence_value, date) VALUES (4, 17, 2, 'weekly', '2023-04-11');
INSERT INTO Create_Meeting (Number_persons, User_id, Recurrence_Id, Recurrence_value, date) VALUES (4, 15, 2, 'weekly', '2023-03-15');
INSERT INTO Create_Meeting (Number_persons, User_id, Recurrence_Id, Recurrence_value, date) VALUES (3, 10, 3, 'monthly', '2023-03-20');
INSERT INTO Create_Meeting (Number_persons, User_id, Recurrence_Id, Recurrence_value, date) VALUES (5, 18, 1, 'daily', '2023-03-10');
INSERT INTO Create_Meeting (Number_persons, User_id, Recurrence_Id, Recurrence_value, date) VALUES (2, 5, 2, 'weekly', '2023-03-17');
INSERT INTO Create_Meeting (Number_persons, User_id, Recurrence_Id, Recurrence_value, date) VALUES (6, 21, 3, 'monthly', '2023-03-28');
INSERT INTO Create_Meeting (Number_persons, User_id, Recurrence_Id, Recurrence_value, date) VALUES (4, 9, 1, 'daily', '2023-03-11');
INSERT INTO Create_Meeting (Number_persons, User_id, Recurrence_Id, Recurrence_value, date) VALUES (3, 13, 2, 'weekly', '2023-03-24');
INSERT INTO Create_Meeting (Number_persons, User_id, Recurrence_Id, Recurrence_value, date) VALUES (5, 12, 3, 'monthly', '2023-03-30');
INSERT INTO Create_Meeting (Number_persons, User_id, Recurrence_Id, Recurrence_value, date) VALUES (2, 7, 1, 'daily', '2023-03-13');
INSERT INTO Create_Meeting (Number_persons, User_id, Recurrence_Id, Recurrence_value, date) VALUES (6, 23, 2, 'weekly', '2023-03-29');
INSERT INTO Create_Meeting (Number_persons, User_id, Recurrence_Id, Recurrence_value, date) VALUES (4, 14, 3, 'monthly', '2023-03-27');
INSERT INTO Create_Meeting (Number_persons, User_id, Recurrence_Id, Recurrence_value, date) VALUES (3, 11, 1, 'daily', '2023-03-12');
INSERT INTO Create_Meeting (Number_persons, User_id, Recurrence_Id, Recurrence_value, date) VALUES (5, 20, 2, 'weekly', '2023-03-22');
INSERT INTO Create_Meeting (Number_persons, User_id, Recurrence_Id, Recurrence_value, date) VALUES (2, 6, 3, 'monthly', '2023-03-25');
INSERT INTO Create_Meeting (Number_persons, User_id, Recurrence_Id, Recurrence_value, date) VALUES (6, 19, 1, 'daily', '2023-03-16');

INSERT INTO Schedule (Email_Id, User_Id, From_Slot, To_Slot, Status, Meeting_Id, User_Type) VALUES ('john@gmail.com', 1, '09:00:00', '10:00:00', 0, 1, 1);
INSERT INTO Schedule (Email_Id, User_Id, From_Slot, To_Slot, Status, Meeting_Id, User_Type) VALUES ('jane@gmail.com', 2, '10:00:00', '11:00:00', 0, 2, 1);
INSERT INTO Schedule (Email_Id, User_Id, From_Slot, To_Slot, Status, Meeting_Id, User_Type) VALUES ('josh@gmail.com', 3, '11:00:00', '12:00:00', 1, 3, 1);
INSERT INTO Schedule (Email_Id, User_Id, From_Slot, To_Slot, Status, Meeting_Id, User_Type) VALUES ('julie@gmail.com', 4, '12:00:00', '13:00:00', 0, 4, 1);
INSERT INTO Schedule (Email_Id, User_Id, From_Slot, To_Slot, Status, Meeting_Id, User_Type) VALUES ('jack@gmail.com', 5, '13:00:00', '14:00:00', 1, 5, 1);
INSERT INTO Schedule (Email_Id, User_Id, From_Slot, To_Slot, Status, Meeting_Id, User_Type) VALUES ('jessica@gmail.com', 6, '14:00:00', '15:00:00', 0, 6, 1);
INSERT INTO Schedule (Email_Id, User_Id, From_Slot, To_Slot, Status, Meeting_Id, User_Type) VALUES ('jacob@gmail.com', 7, '15:00:00', '16:00:00', 1, 7, 1);
INSERT INTO Schedule (Email_Id, User_Id, From_Slot, To_Slot, Status, Meeting_Id, User_Type) VALUES ('jimmy@gmail.com', 8, '16:00:00', '17:00:00', 0, 8, 1);
INSERT INTO Schedule (Email_Id, User_Id, From_Slot, To_Slot, Status, Meeting_Id, User_Type) VALUES ('jenny@gmail.com', 9, '17:00:00', '18:00:00', 1, 9, 1);
INSERT INTO Schedule (Email_Id, User_Id, From_Slot, To_Slot, Status, Meeting_Id, User_Type) VALUES ('jared@gmail.com', 10, '09:00:00', '10:00:00', 0, 10, 1);
INSERT INTO Schedule (Email_Id, User_Id, From_Slot, To_Slot, Status, Meeting_Id, User_Type) VALUES ('janet@gmail.com', 11, '10:00:00', '11:00:00', 0, 11, 1);
INSERT INTO Schedule (Email_Id, User_Id, From_Slot, To_Slot, Status, Meeting_Id, User_Type) VALUES ('jason@gmail.com', 12, '11:00:00', '12:00:00', 1, 12, 1);
INSERT INTO Schedule (Email_Id, User_Id, From_Slot, To_Slot, Status, Meeting_Id, User_Type) VALUES ('john@gmail.com', 1, '09:00:00', '10:00:00', 0, 1, 1);
INSERT INTO Schedule (Email_Id, User_Id, From_Slot, To_Slot, Status, Meeting_Id, User_Type) VALUES ('jane@gmail.com', 2, '10:00:00', '11:00:00', 0, 2, 1);
INSERT INTO Schedule (Email_Id, User_Id, From_Slot, To_Slot, Status, Meeting_Id, User_Type) VALUES ('josh@gmail.com', 3, '11:00:00', '12:00:00', 1, 3, 1);
INSERT INTO Schedule (Email_Id, User_Id, From_Slot, To_Slot, Status, Meeting_Id, User_Type) VALUES ('julie@gmail.com', 4, '12:00:00', '13:00:00', 0, 4, 1);
INSERT INTO Schedule (Email_Id, User_Id, From_Slot, To_Slot, Status, Meeting_Id, User_Type) VALUES ('jack@gmail.com', 5, '13:00:00', '14:00:00', 1, 5, 1);
INSERT INTO Schedule (Email_Id, User_Id, From_Slot, To_Slot, Status, Meeting_Id, User_Type) VALUES ('jessica@gmail.com', 6, '14:00:00', '15:00:00', 0, 6, 1);
INSERT INTO Schedule (Email_Id, User_Id, From_Slot, To_Slot, Status, Meeting_Id, User_Type) VALUES ('jacob@gmail.com', 7, '15:00:00', '16:00:00', 1, 7, 1);
INSERT INTO Schedule (Email_Id, User_Id, From_Slot, To_Slot, Status, Meeting_Id, User_Type) VALUES ('jimmy@gmail.com', 8, '16:00:00', '17:00:00', 0, 8, 1);
INSERT INTO Schedule (Email_Id, User_Id, From_Slot, To_Slot, Status, Meeting_Id, User_Type) VALUES ('jenny@gmail.com', 9, '17:00:00', '18:00:00', 1, 9, 1);
INSERT INTO Schedule (Email_Id, User_Id, From_Slot, To_Slot, Status, Meeting_Id, User_Type) VALUES ('jared@gmail.com', 10, '09:00:00', '10:00:00', 0, 10, 1);
INSERT INTO Schedule (Email_Id, User_Id, From_Slot, To_Slot, Status, Meeting_Id, User_Type) VALUES ('janet@gmail.com', 11, '10:00:00', '11:00:00', 0, 11, 1);
INSERT INTO Schedule (Email_Id, User_Id, From_Slot, To_Slot, Status, Meeting_Id, User_Type) VALUES ('jason@gmail.com', 12, '11:00:00', '12:00:00', 1, 12, 1);
INSERT INTO Schedule (Email_Id, User_Id, From_Slot, To_Slot, Status, Meeting_Id, User_Type) VALUES ('johndoe@example.com', 5, '09:00:00', '10:00:00', 1, 2, 2);
INSERT INTO Schedule (Email_Id, User_Id, From_Slot, To_Slot, Status, Meeting_Id, User_Type) VALUES ('janedoe@example.com', 7, '14:00:00', '15:00:00', 0, 1, 1);
INSERT INTO Schedule (Email_Id, User_Id, From_Slot, To_Slot, Status, Meeting_Id, User_Type) VALUES ('johndoe@example.com', 5, '11:00:00', '12:00:00', 1, 3, 2);
INSERT INTO Schedule (Email_Id, User_Id, From_Slot, To_Slot, Status, Meeting_Id, User_Type) VALUES ('janedoe@example.com', 6, '10:00:00', '11:00:00', 1, 4, 1);
INSERT INTO Schedule (Email_Id, User_Id, From_Slot, To_Slot, Status, Meeting_Id, User_Type) VALUES ('johndoe@example.com', 5, '13:00:00', '14:00:00', 0, 5, 2);
INSERT INTO Schedule (Email_Id, User_Id, From_Slot, To_Slot, Status, Meeting_Id, User_Type) VALUES ('janedoe@example.com', 7, '09:00:00', '10:00:00', 1, 6, 1);
INSERT INTO Schedule (Email_Id, User_Id, From_Slot, To_Slot, Status, Meeting_Id, User_Type) VALUES ('johndoe@example.com', 8, '15:00:00', '16:00:00', 0, 7, 2);
INSERT INTO Schedule (Email_Id, User_Id, From_Slot, To_Slot, Status, Meeting_Id, User_Type) VALUES ('janedoe@example.com', 6, '11:00:00', '12:00:00', 1, 8, 1);

INSERT INTO Booking_Page (User_Id, Created_On, Recurrence_Id, Recurrence_value, date) VALUES (1, '2022-02-01 10:00:00', 1, 'Daily', '2022-02-01');
INSERT INTO Booking_Page (User_Id, Created_On, Recurrence_Id, Recurrence_value, date) VALUES (1, '2022-02-02 10:00:00', 2, 'Weekly', '2022-02-08');
INSERT INTO Booking_Page (User_Id, Created_On, Recurrence_Id, Recurrence_value, date) VALUES (2, '2022-02-03 10:00:00', 3, 'Monthly', '2022-03-01');
INSERT INTO Booking_Page (User_Id, Created_On, Recurrence_Id, Recurrence_value, date) VALUES (3, '2022-02-04 10:00:00', 4, 'Quarterly', '2022-04-01');
INSERT INTO Booking_Page (User_Id, Created_On, Recurrence_Id, Recurrence_value, date) VALUES (4, '2022-02-05 10:00:00', 5, 'Yearly', '2023-02-05');
INSERT INTO Booking_Page (User_Id, Created_On, Recurrence_Id, Recurrence_value, date) VALUES (5, '2022-02-06 10:00:00', 6, 'Daily', '2022-02-06');
INSERT INTO Booking_Page (User_Id, Created_On, Recurrence_Id, Recurrence_value, date) VALUES (6, '2022-02-07 10:00:00', 7, 'Weekly', '2022-02-14');
INSERT INTO Booking_Page (User_Id, Created_On, Recurrence_Id, Recurrence_value, date) VALUES (7, '2022-02-08 10:00:00', 8, 'Monthly', '2022-03-08');
INSERT INTO Booking_Page (User_Id, Created_On, Recurrence_Id, Recurrence_value, date) VALUES (8, '2022-02-09 10:00:00', 9, 'Quarterly', '2022-04-01');
INSERT INTO Booking_Page (User_Id, Created_On, Recurrence_Id, Recurrence_value, date) VALUES (9, '2022-02-10 10:00:00', 10, 'Yearly', '2023-02-10');
INSERT INTO Booking_Page (User_Id, Created_On, Recurrence_Id, Recurrence_value, date) VALUES (10, '2022-02-11 10:00:00', 11, 'Daily', '2022-02-11');
INSERT INTO Booking_Page (User_Id, Created_On, Recurrence_Id, Recurrence_value, date) VALUES (11, '2022-02-12 10:00:00', 12, 'Weekly', '2022-02-19');
INSERT INTO Booking_Page (User_Id, Created_On, Recurrence_Id, Recurrence_value, date) VALUES (12, '2022-02-13 10:00:00', 13, 'Monthly', '2022-03-13');
INSERT INTO Booking_Page (User_Id, Created_On, Recurrence_Id, Recurrence_value, date) VALUES (13, '2022-11-12 09:00:00', 2, 'Weekly', '2022-12-01');
INSERT INTO Booking_Page (User_Id, Created_On, Recurrence_Id, Recurrence_value, date) VALUES (14, '2022-11-12 10:00:00', 1, 'Daily', '2022-12-02');
INSERT INTO Booking_Page (User_Id, Created_On, Recurrence_Id, Recurrence_value, date) VALUES (15, '2022-11-12 11:00:00', 3, 'Monthly', '2022-12-03');
INSERT INTO Booking_Page (User_Id, Created_On, Recurrence_Id, Recurrence_value, date) VALUES (18, '2022-11-12 12:00:00', 1, 'Daily', '2022-12-04');
INSERT INTO Booking_Page (User_Id, Created_On, Recurrence_Id, Recurrence_value, date) VALUES (14, '2022-11-12 13:00:00', 2, 'Weekly', '2022-12-05');
INSERT INTO Booking_Page (User_Id, Created_On, Recurrence_Id, Recurrence_value, date) VALUES (36, '2022-11-12 14:00:00', 3, 'Monthly', '2022-12-06');
INSERT INTO Booking_Page (User_Id, Created_On, Recurrence_Id, Recurrence_value, date) VALUES (12, '2022-11-12 15:00:00', 1, 'Daily', '2022-12-07');
INSERT INTO Booking_Page (User_Id, Created_On, Recurrence_Id, Recurrence_value, date) VALUES (8, '2022-11-12 16:00:00', 2, 'Weekly', '2022-12-08');
INSERT INTO Booking_Page (User_Id, Created_On, Recurrence_Id, Recurrence_value, date) VALUES (9, '2022-11-12 17:00:00', 1, 'Daily', '2022-12-09');
INSERT INTO Booking_Page (User_Id, Created_On, Recurrence_Id, Recurrence_value, date) VALUES (10, '2022-11-12 18:00:00', 3, 'Monthly', '2022-12-10');
INSERT INTO Booking_Page (User_Id, Created_On, Recurrence_Id, Recurrence_value, date)VALUES (4, '2022-02-25 10:30:00', 8, 'Monthly', '2022-03-15');
INSERT INTO Booking_Page (User_Id, Created_On, Recurrence_Id, Recurrence_value, date)VALUES (2, '2022-03-01 15:00:00', 5, 'Weekly', '2022-03-21');
INSERT INTO Booking_Page (User_Id, Created_On, Recurrence_Id, Recurrence_value, date)VALUES (1, '2022-03-04 11:45:00', 6, 'Daily', '2022-03-10');
INSERT INTO Booking_Page (User_Id, Created_On, Recurrence_Id, Recurrence_value, date)VALUES (3, '2022-03-07 14:15:00', 9, 'Monthly', '2022-03-28');
INSERT INTO Booking_Page (User_Id, Created_On, Recurrence_Id, Recurrence_value, date)VALUES (2, '2022-03-09 16:30:00', 7, 'Weekly', '2022-03-14');
INSERT INTO Booking_Page (User_Id, Created_On, Recurrence_Id, Recurrence_value, date)VALUES (5, '2022-03-12 09:00:00', 2, 'Weekly', '2022-03-14');
INSERT INTO Booking_Page (User_Id, Created_On, Recurrence_Id, Recurrence_value, date)VALUES (1, '2022-03-14 13:45:00', 3, 'Daily', '2022-03-14');
INSERT INTO Booking_Page (User_Id, Created_On, Recurrence_Id, Recurrence_value, date)VALUES (4, '2022-03-15 10:00:00', 8, 'Monthly', '2022-03-15');
INSERT INTO Booking_Page (User_Id, Created_On, Recurrence_Id, Recurrence_value, date)VALUES (3, '2022-03-17 12:30:00', 4, 'Daily', '2022-03-17');
INSERT INTO Booking_Page (User_Id, Created_On, Recurrence_Id, Recurrence_value, date)VALUES (2, '2022-03-19 14:15:00', 5, 'Weekly', '2022-03-21');
INSERT INTO Booking_Page (User_Id, Created_On, Recurrence_Id, Recurrence_value, date)VALUES (1, '2022-03-21 11:00:00', 6, 'Daily', '2022-03-21');

INSERT INTO Booking_Slots (From_Slot, To_Slot, Booking_Id, User_Id, Slot_Status) VALUES ('09:00:00', '10:00:00', 10, 5, 0);
INSERT INTO Booking_Slots (From_Slot, To_Slot, Booking_Id, User_Id, Slot_Status) VALUES ('10:00:00', '11:00:00', 5, 1, 1);
INSERT INTO Booking_Slots (From_Slot, To_Slot, Booking_Id, User_Id, Slot_Status) VALUES ('11:00:00', '12:00:00', 7, 9, 1);
INSERT INTO Booking_Slots (From_Slot, To_Slot, Booking_Id, User_Id, Slot_Status) VALUES ('12:00:00', '13:00:00', 15, 3, 0);
INSERT INTO Booking_Slots (From_Slot, To_Slot, Booking_Id, User_Id, Slot_Status) VALUES ('13:00:00', '14:00:00', 22, 14, 1);
INSERT INTO Booking_Slots (From_Slot, To_Slot, Booking_Id, User_Id, Slot_Status) VALUES ('14:00:00', '15:00:00', 19, 17, 0);
INSERT INTO Booking_Slots (From_Slot, To_Slot, Booking_Id, User_Id, Slot_Status) VALUES ('15:00:00', '16:00:00', 8, 2, 1);
INSERT INTO Booking_Slots (From_Slot, To_Slot, Booking_Id, User_Id, Slot_Status) VALUES ('16:00:00', '17:00:00', 25, 20, 0);
INSERT INTO Booking_Slots (From_Slot, To_Slot, Booking_Id, User_Id, Slot_Status) VALUES ('17:00:00', '18:00:00', 11, 11, 1);
INSERT INTO Booking_Slots (From_Slot, To_Slot, Booking_Id, User_Id, Slot_Status) VALUES ('18:00:00', '19:00:00', 29, 28, 0);
INSERT INTO Booking_Slots (From_Slot, To_Slot, Booking_Id, User_Id, Slot_Status) VALUES ('09:00:00', '10:00:00', 4, 4, 0);
INSERT INTO Booking_Slots (From_Slot, To_Slot, Booking_Id, User_Id, Slot_Status) VALUES ('10:00:00', '11:00:00', 17, 15, 1);
INSERT INTO Booking_Slots (From_Slot, To_Slot, Booking_Id, User_Id, Slot_Status) VALUES ('11:00:00', '12:00:00', 23, 6, 1);
INSERT INTO Booking_Slots (From_Slot, To_Slot, Booking_Id, User_Id, Slot_Status) VALUES ('12:00:00', '13:00:00', 2, 2, 0);
INSERT INTO Booking_Slots (From_Slot, To_Slot, Booking_Id, User_Id, Slot_Status) VALUES ('13:00:00', '14:00:00', 12, 10, 1);
INSERT INTO Booking_Slots (From_Slot, To_Slot, Booking_Id, User_Id, Slot_Status) VALUES ('14:00:00', '15:00:00', 11, 4, 0);
INSERT INTO Booking_Slots (From_Slot, To_Slot, Booking_Id, User_Id, Slot_Status) VALUES ('09:30:00', '10:30:00', 12, 6, 0);
INSERT INTO Booking_Slots (From_Slot, To_Slot, Booking_Id, User_Id, Slot_Status) VALUES ('12:00:00', '13:00:00', 15, 1, 0);
INSERT INTO Booking_Slots (From_Slot, To_Slot, Booking_Id, User_Id, Slot_Status) VALUES ('11:00:00', '12:00:00', 18, 3, 0);
INSERT INTO Booking_Slots (From_Slot, To_Slot, Booking_Id, User_Id, Slot_Status) VALUES ('14:30:00', '15:30:00', 21, 5, 0);
INSERT INTO Booking_Slots (From_Slot, To_Slot, Booking_Id, User_Id, Slot_Status) VALUES ('10:00:00', '11:00:00', 22, 7, 0);
INSERT INTO Booking_Slots (From_Slot, To_Slot, Booking_Id, User_Id, Slot_Status) VALUES ('13:00:00', '14:00:00', 25, 2, 0);
INSERT INTO Booking_Slots (From_Slot, To_Slot, Booking_Id, User_Id, Slot_Status) VALUES ('09:00:00', '10:00:00', 28, 9, 0);
INSERT INTO Booking_Slots (From_Slot, To_Slot, Booking_Id, User_Id, Slot_Status) VALUES ('15:00:00', '16:00:00', 30, 8, 0);
INSERT INTO Booking_Slots (From_Slot, To_Slot, Booking_Id, User_Id, Slot_Status) VALUES ('11:30:00', '12:30:00', 33, 10, 0);



